Award Name,state,survey_year,dataset_version,record_type,award_program,award_type,award_recipient,award_project,funding_level,award_amount,award_duration,plan_doc_count,plan_corridor_miles,plan_doc_sources,evidence_level,source_notes,source_url
Planning Baseline - No Verified Federal Award,New Jersey,2000,Planning_Analysis_Default,planning_baseline,,,,,,0,,3,8,Long-range transportation plan; TIP/STIP; corridor study,MockPlanningFileBaseline,Combined default: no official SMART/ATCMTD/ATTAIN/SS4A award; mock planning-file evidence only.,
Planning Baseline - No Verified Federal Award,New Jersey,2001,Planning_Analysis_Default,planning_baseline,,,,,,0,,3,8,Long-range transportation plan; TIP/STIP; corridor study,MockPlanningFileBaseline,Combined default: no official SMART/ATCMTD/ATTAIN/SS4A award; mock planning-file evidence only.,
Planning Baseline - No Verified Federal Award,New Jersey,2002,Planning_Analysis_Default,planning_baseline,,,,,,0,,3,9,Long-range transportation plan; TIP/STIP; corridor study,MockPlanningFileBaseline,Combined default: no official SMART/ATCMTD/ATTAIN/SS4A award; mock planning-file evidence only.,
Planning Baseline - No Verified Federal Award,New Jersey,2003,Planning_Analysis_Default,planning_baseline,,,,,,0,,3,9,Long-range transportation plan; TIP/STIP; corridor study,MockPlanningFileBaseline,Combined default: no official SMART/ATCMTD/ATTAIN/SS4A award; mock planning-file evidence only.,
Planning Baseline - No Verified Federal Award,New Jersey,2004,Planning_Analysis_Default,planning_baseline,,,,,,0,,3,10,Long-range transportation plan; TIP/STIP; corridor study,MockPlanningFileBaseline,Combined default: no official SMART/ATCMTD/ATTAIN/SS4A award; mock planning-file evidence only.,
Planning Baseline - No Verified Federal Award,New Jersey,2005,Planning_Analysis_Default,planning_baseline,,,,,,0,,3,10,Long-range transportation plan; TIP/STIP; regional ITS architecture,MockPlanningFileBaseline,Combined default: no official SMART/ATCMTD/ATTAIN/SS4A award; mock planning-file evidence only.,
Planning Baseline - No Verified Federal Award,New Jersey,2006,Planning_Analysis_Default,planning_baseline,,,,,,0,,3,11,Long-range transportation plan; TIP/STIP; regional ITS architecture,MockPlanningFileBaseline,Combined default: no official SMART/ATCMTD/ATTAIN/SS4A award; mock planning-file evidence only.,
Planning Baseline - No Verified Federal Award,New Jersey,2007,Planning_Analysis_Default,planning_baseline,,,,,,0,,3,11,Long-range transportation plan; TIP/STIP; regional ITS architecture,MockPlanningFileBaseline,Combined default: no official SMART/ATCMTD/ATTAIN/SS4A award; mock planning-file evidence only.,
Planning Baseline - No Verified Federal Award,New Jersey,2008,Planning_Analysis_Default,planning_baseline,,,,,,0,,3,12,Long-range transportation plan; TIP/STIP; regional ITS architecture,MockPlanningFileBaseline,Combined default: no official SMART/ATCMTD/ATTAIN/SS4A award; mock planning-file evidence only.,
Planning Baseline - No Verified Federal Award,New Jersey,2009,Planning_Analysis_Default,planning_baseline,,,,,,0,,4,14,MTP; TIP/STIP; regional ITS architecture; corridor study,MockPlanningFileBaseline,Combined default: no official SMART/ATCMTD/ATTAIN/SS4A award; mock planning-file evidence only.,
Planning Baseline - No Verified Federal Award,New Jersey,2010,Planning_Analysis_Default,planning_baseline,,,,,,0,,4,15,MTP; TIP/STIP; regional ITS architecture; corridor study,MockPlanningFileBaseline,Combined default: no official SMART/ATCMTD/ATTAIN/SS4A award; mock planning-file evidence only.,
Planning Baseline - No Verified Federal Award,New Jersey,2011,Planning_Analysis_Default,planning_baseline,,,,,,0,,4,16,MTP; TIP/STIP; regional ITS architecture; corridor study,MockPlanningFileBaseline,Combined default: no official SMART/ATCMTD/ATTAIN/SS4A award; mock planning-file evidence only.,
Planning Baseline - No Verified Federal Award,New Jersey,2012,Planning_Analysis_Default,planning_baseline,,,,,,0,,4,17,MTP; TIP/STIP; regional ITS architecture; corridor study,MockPlanningFileBaseline,Combined default: no official SMART/ATCMTD/ATTAIN/SS4A award; mock planning-file evidence only.,
Planning Baseline - No Verified Federal Award,New Jersey,2013,Planning_Analysis_Default,planning_baseline,,,,,,0,,4,18,MTP; TIP/STIP; regional ITS architecture; corridor study,MockPlanningFileBaseline,Combined default: no official SMART/ATCMTD/ATTAIN/SS4A award; mock planning-file evidence only.,
Planning Baseline - No Verified Federal Award,New Jersey,2014,Planning_Analysis_Default,planning_baseline,,,,,,0,,4,19,MTP; TIP/STIP; regional ITS architecture; corridor study,MockPlanningFileBaseline,Combined default: no official SMART/ATCMTD/ATTAIN/SS4A award; mock planning-file evidence only.,
Planning Baseline - No Verified Federal Award,New Jersey,2015,Planning_Analysis_Default,planning_baseline,,,,,,0,,4,20,MTP; TIP/STIP; regional ITS architecture; freight corridor plan,MockPlanningFileBaseline,Combined default: no official SMART/ATCMTD/ATTAIN/SS4A award; mock planning-file evidence only.,
Planning Baseline - No Verified Federal Award,New Jersey,2016,Planning_Analysis_Default,planning_baseline,,,,,,0,,4,21,MTP; TIP/STIP; regional ITS architecture; freight corridor plan,OfficialNoAwardFound,Official FY2016 ATCMTD list checked; no New Jersey award found. Mock planning-file evidence included.,
Planning Baseline - No Verified Federal Award,New Jersey,2017,Planning_Analysis_Default,planning_baseline,,,,,,0,,4,22,MTP; TIP/STIP; regional ITS architecture; freight corridor plan,OfficialNoAwardFound,Official FY2017 ATCMTD list checked; no New Jersey award found. Mock planning-file evidence included.,
Planning Baseline - No Verified Federal Award,New Jersey,2018,Planning_Analysis_Default,planning_baseline,,,,,,0,,4,23,MTP; TIP/STIP; regional ITS architecture; corridor study,OfficialNoAwardFound,Official FY2018 ATCMTD list checked; no New Jersey award found. Mock planning-file evidence included.,
Planning Baseline - No Verified Federal Award,New Jersey,2019,Planning_Analysis_Default,planning_baseline,,,,,,0,,4,24,MTP; TIP/STIP; regional ITS architecture; corridor study,OfficialNoAwardFound,Official FY2019 ATCMTD list checked; no New Jersey award found. Mock planning-file evidence included.,
Planning Baseline - No Verified Federal Award,New Jersey,2020,Planning_Analysis_Default,planning_baseline,,,,,,0,,5,26,MTP; TIP/STIP; regional ITS architecture; corridor study; capital improvement program,OfficialNoAwardFound,Official FY2020 ATCMTD list checked; no New Jersey award found. Mock planning-file evidence included.,
Smart and Connected Atlantic City Expressway,New Jersey,2021,Planning_Analysis_Default,award,ATCMTD,Deployment,South Jersey Transportation Authority,Smart and Connected Atlantic City Expressway,Federal,8748763,Multi-year deployment award,5,28,MTP; TIP/STIP; regional ITS architecture; corridor study; capital improvement program,OfficialAwardVerified,Official ATCMTD award source.,https://ops.fhwa.dot.gov/fastact/atcmtd/2021/awards/index.htm
SMART RIGHT NOW,New Jersey,2022,Planning_Analysis_Default,award,SMART,Demonstration,New Jersey Department of Transportation,SMART RIGHT NOW,Federal,2000000,1 year planning/demo award,5,30,MTP; TIP/STIP; regional ITS architecture; corridor study; capital improvement program,OfficialAwardVerified,Official SMART award source.,https://www.transportation.gov/sites/dot.gov/files/2023-03/FY22%20SMART%20Project%20List.pdf
Atlantic City Complete Streets Plan,New Jersey,2022,Planning_Analysis_Default,award,SS4A,Planning/Demonstration,City of Atlantic City,Atlantic City Complete Streets Plan,Federal,400000,1 year planning/demo award,5,30,MTP; TIP/STIP; regional ITS architecture; corridor study; capital improvement program,OfficialAwardVerified,Official SS4A award source.,https://www.transportation.gov/grants/ss4a/2022-full-award-list; https://thelcpc.org/wp-content/uploads/2023/02/SS4A-2022-Implementation-Grant-Award-Fact-Sheets.pdf
Chestnut Avenue Safety Improvements and Rehabilitation,New Jersey,2022,Planning_Analysis_Default,award,SS4A,Implementation,City of Vineland,Chestnut Avenue Safety Improvements and Rehabilitation,Federal,20000000,Multi-year implementation award,5,30,MTP; TIP/STIP; regional ITS architecture; corridor study; capital improvement program,OfficialAwardVerified,Official SS4A award source.,https://www.transportation.gov/grants/ss4a/2022-full-award-list; https://thelcpc.org/wp-content/uploads/2023/02/SS4A-2022-Implementation-Grant-Award-Fact-Sheets.pdf
City of Vineland Safe Streets and Roads for All Action Plan,New Jersey,2022,Planning_Analysis_Default,award,SS4A,Planning/Demonstration,City of Vineland,City of Vineland Safe Streets and Roads for All Action Plan,Federal,296553.44,1 year planning/demo award,5,30,MTP; TIP/STIP; regional ITS architecture; corridor study; capital improvement program,OfficialAwardVerified,Official SS4A award source.,https://www.transportation.gov/grants/ss4a/2022-full-award-list; https://thelcpc.org/wp-content/uploads/2023/02/SS4A-2022-Implementation-Grant-Award-Fact-Sheets.pdf
County-Wide Safety Action Plan,New Jersey,2022,Planning_Analysis_Default,award,SS4A,Planning/Demonstration,Hudson County,County-Wide Safety Action Plan,Federal,1000000,1 year planning/demo award,5,30,MTP; TIP/STIP; regional ITS architecture; corridor study; capital improvement program,OfficialAwardVerified,Official SS4A award source.,https://www.transportation.gov/grants/ss4a/2022-full-award-list; https://thelcpc.org/wp-content/uploads/2023/02/SS4A-2022-Implementation-Grant-Award-Fact-Sheets.pdf
Hoboken Safe Streets for All Action Plan,New Jersey,2022,Planning_Analysis_Default,award,SS4A,Planning/Demonstration,City of Hoboken,Hoboken Safe Streets for All Action Plan,Federal,400000,1 year planning/demo award,5,30,MTP; TIP/STIP; regional ITS architecture; corridor study; capital improvement program,OfficialAwardVerified,Official SS4A award source.,https://www.transportation.gov/grants/ss4a/2022-full-award-list; https://thelcpc.org/wp-content/uploads/2023/02/SS4A-2022-Implementation-Grant-Award-Fact-Sheets.pdf
Long Branch Safe Streets for All Action Plan,New Jersey,2022,Planning_Analysis_Default,award,SS4A,Planning/Demonstration,City of Long Branch,Long Branch Safe Streets for All Action Plan,Federal,196000,1 year planning/demo award,5,30,MTP; TIP/STIP; regional ITS architecture; corridor study; capital improvement program,OfficialAwardVerified,Official SS4A award source.,https://www.transportation.gov/grants/ss4a/2022-full-award-list; https://thelcpc.org/wp-content/uploads/2023/02/SS4A-2022-Implementation-Grant-Award-Fact-Sheets.pdf
NJTPA Regional Comprehensive Safety Action Plan,New Jersey,2022,Planning_Analysis_Default,award,SS4A,Planning/Demonstration,North Jersey Transportation Planning Authority,NJTPA Regional Comprehensive Safety Action Plan,Federal,1000000,1 year planning/demo award,5,30,MTP; TIP/STIP; regional ITS architecture; corridor study; capital improvement program,OfficialAwardVerified,Official SS4A award source.,https://www.transportation.gov/grants/ss4a/2022-full-award-list; https://thelcpc.org/wp-content/uploads/2023/02/SS4A-2022-Implementation-Grant-Award-Fact-Sheets.pdf
Passaic County Action Plan,New Jersey,2022,Planning_Analysis_Default,award,SS4A,Planning/Demonstration,Passaic County,Passaic County Action Plan,Federal,1000000,1 year planning/demo award,5,30,MTP; TIP/STIP; regional ITS architecture; corridor study; capital improvement program,OfficialAwardVerified,Official SS4A award source.,https://www.transportation.gov/grants/ss4a/2022-full-award-list; https://thelcpc.org/wp-content/uploads/2023/02/SS4A-2022-Implementation-Grant-Award-Fact-Sheets.pdf
Paterson SS4A Action Plan,New Jersey,2022,Planning_Analysis_Default,award,SS4A,Planning/Demonstration,City of Paterson,Paterson SS4A Action Plan,Federal,320000,1 year planning/demo award,5,30,MTP; TIP/STIP; regional ITS architecture; corridor study; capital improvement program,OfficialAwardVerified,Official SS4A award source.,https://www.transportation.gov/grants/ss4a/2022-full-award-list; https://thelcpc.org/wp-content/uploads/2023/02/SS4A-2022-Implementation-Grant-Award-Fact-Sheets.pdf
Rahway Safe Streets and Roads for All Action Plan,New Jersey,2022,Planning_Analysis_Default,award,SS4A,Planning/Demonstration,Rahway,Rahway Safe Streets and Roads for All Action Plan,Federal,261118,1 year planning/demo award,5,30,MTP; TIP/STIP; regional ITS architecture; corridor study; capital improvement program,OfficialAwardVerified,Official SS4A award source.,https://www.transportation.gov/grants/ss4a/2022-full-award-list; https://thelcpc.org/wp-content/uploads/2023/02/SS4A-2022-Implementation-Grant-Award-Fact-Sheets.pdf
Township of Woodbridge Safe Streets and Roads for All Action Plan,New Jersey,2022,Planning_Analysis_Default,award,SS4A,Planning/Demonstration,Township of Woodbridge,Township of Woodbridge Safe Streets and Roads for All Action Plan,Federal,200000,1 year planning/demo award,5,30,MTP; TIP/STIP; regional ITS architecture; corridor study; capital improvement program,OfficialAwardVerified,Official SS4A award source.,https://www.transportation.gov/grants/ss4a/2022-full-award-list; https://thelcpc.org/wp-content/uploads/2023/02/SS4A-2022-Implementation-Grant-Award-Fact-Sheets.pdf
Artificial Intelligence for Light Rail and Grade Crossing Safety,New Jersey,2023,Planning_Analysis_Default,award,SMART,Demonstration,New Jersey Transit Corporation,Artificial Intelligence for Light Rail and Grade Crossing Safety,Federal,1625095,1 year planning/demo award,5,32,MTP; TIP/STIP; regional ITS architecture; corridor study; capital improvement program,OfficialAwardVerified,Official SMART award source.,https://www.transportation.gov/sites/dot.gov/files/2025-12/FY23%20SMART%20Project%20List%20for%20Website%20v2.pdf
Action Plan to Improve Pedestrian and Bicycle Safety,New Jersey,2023,Planning_Analysis_Default,award,SS4A,Planning/Demonstration,Township of Mahwah,Action Plan to Improve Pedestrian and Bicycle Safety,Federal,80000,1 year planning/demo award,5,32,MTP; TIP/STIP; regional ITS architecture; corridor study; capital improvement program,OfficialAwardVerified,Official SS4A award source.,https://www.transportation.gov/sites/dot.gov/files/2023-12/FY23_SS4A_PDG-Awards-by-State.pdf
City of Englewood Vision Zero Action Plan,New Jersey,2023,Planning_Analysis_Default,award,SS4A,Planning/Demonstration,City of Englewood,City of Englewood Vision Zero Action Plan,Federal,200000,1 year planning/demo award,5,32,MTP; TIP/STIP; regional ITS architecture; corridor study; capital improvement program,OfficialAwardVerified,Official SS4A award source.,https://www.transportation.gov/sites/dot.gov/files/2023-12/FY23_SS4A_PDG-Awards-by-State.pdf
City of Jersey City Planning and Demonstration Activities,New Jersey,2023,Planning_Analysis_Default,award,SS4A,Planning/Demonstration,City of Jersey City,City of Jersey City Planning and Demonstration Activities,Federal,1004000,1 year planning/demo award,5,32,MTP; TIP/STIP; regional ITS architecture; corridor study; capital improvement program,OfficialAwardVerified,Official SS4A award source.,https://www.transportation.gov/sites/dot.gov/files/2023-12/FY23_SS4A_PDG-Awards-by-State.pdf
City of Newark Planning and Demonstration Activities,New Jersey,2023,Planning_Analysis_Default,award,SS4A,Planning/Demonstration,City of Newark,City of Newark Planning and Demonstration Activities,Federal,800000,1 year planning/demo award,5,32,MTP; TIP/STIP; regional ITS architecture; corridor study; capital improvement program,OfficialAwardVerified,Official SS4A award source.,https://www.transportation.gov/sites/dot.gov/files/2023-12/FY23_SS4A_PDG-Awards-by-State.pdf
Edison Vision Zero Action Plan,New Jersey,2023,Planning_Analysis_Default,award,SS4A,Planning/Demonstration,Edison Township,Edison Vision Zero Action Plan,Federal,320000,1 year planning/demo award,5,32,MTP; TIP/STIP; regional ITS architecture; corridor study; capital improvement program,OfficialAwardVerified,Official SS4A award source.,https://www.transportation.gov/sites/dot.gov/files/2023-12/FY23_SS4A_PDG-Awards-by-State.pdf
Maple Shade Township Safe Streets for All - Action Plan,New Jersey,2023,Planning_Analysis_Default,award,SS4A,Planning/Demonstration,Maple Shade Township,Maple Shade Township Safe Streets for All - Action Plan,Federal,100000,1 year planning/demo award,5,32,MTP; TIP/STIP; regional ITS architecture; corridor study; capital improvement program,OfficialAwardVerified,Official SS4A award source.,https://www.transportation.gov/sites/dot.gov/files/2023-12/FY23_SS4A_PDG-Awards-by-State.pdf
Montclair Township Supplemental Planning & Demonstration SS4A Project,New Jersey,2023,Planning_Analysis_Default,award,SS4A,Planning/Demonstration,Township of Montclair,Montclair Township Supplemental Planning & Demonstration SS4A Project,Federal,438220,1 year planning/demo award,5,32,MTP; TIP/STIP; regional ITS architecture; corridor study; capital improvement program,OfficialAwardVerified,Official SS4A award source.,https://www.transportation.gov/sites/dot.gov/files/2023-12/FY23_SS4A_PDG-Awards-by-State.pdf
Plainfield Roadway Safety Action Plan,New Jersey,2023,Planning_Analysis_Default,award,SS4A,Planning/Demonstration,City of Plainfield,Plainfield Roadway Safety Action Plan,Federal,400000,1 year planning/demo award,5,32,MTP; TIP/STIP; regional ITS architecture; corridor study; capital improvement program,OfficialAwardVerified,Official SS4A award source.,https://www.transportation.gov/sites/dot.gov/files/2023-12/FY23_SS4A_PDG-Awards-by-State.pdf
Pleasantville Safe Streets 4 All Action Plan,New Jersey,2023,Planning_Analysis_Default,award,SS4A,Planning/Demonstration,City of Pleasantville,Pleasantville Safe Streets 4 All Action Plan,Federal,200000,1 year planning/demo award,5,32,MTP; TIP/STIP; regional ITS architecture; corridor study; capital improvement program,OfficialAwardVerified,Official SS4A award source.,https://www.transportation.gov/sites/dot.gov/files/2023-12/FY23_SS4A_PDG-Awards-by-State.pdf
Red Bank Borough Vision Zero Action Plan,New Jersey,2023,Planning_Analysis_Default,award,SS4A,Planning/Demonstration,Borough of Red Bank,Red Bank Borough Vision Zero Action Plan,Federal,120000,1 year planning/demo award,5,32,MTP; TIP/STIP; regional ITS architecture; corridor study; capital improvement program,OfficialAwardVerified,Official SS4A award source.,https://www.transportation.gov/sites/dot.gov/files/2023-12/FY23_SS4A_PDG-Awards-by-State.pdf
"SS4A Planning Grant for the Town of Westfield, New Jersey",New Jersey,2023,Planning_Analysis_Default,award,SS4A,Planning/Demonstration,Town of Westfield,"SS4A Planning Grant for the Town of Westfield, New Jersey",Federal,100000,1 year planning/demo award,5,32,MTP; TIP/STIP; regional ITS architecture; corridor study; capital improvement program,OfficialAwardVerified,Official SS4A award source.,https://www.transportation.gov/sites/dot.gov/files/2023-12/FY23_SS4A_PDG-Awards-by-State.pdf
Somers Point Safe Streets Plan,New Jersey,2023,Planning_Analysis_Default,award,SS4A,Planning/Demonstration,City of Somers Point,Somers Point Safe Streets Plan,Federal,192000,1 year planning/demo award,5,32,MTP; TIP/STIP; regional ITS architecture; corridor study; capital improvement program,OfficialAwardVerified,Official SS4A award source.,https://www.transportation.gov/sites/dot.gov/files/2023-12/FY23_SS4A_PDG-Awards-by-State.pdf
South Orange Vision Zero Action Plan,New Jersey,2023,Planning_Analysis_Default,award,SS4A,Planning/Demonstration,Township of South Orange Village,South Orange Vision Zero Action Plan,Federal,100000,1 year planning/demo award,5,32,MTP; TIP/STIP; regional ITS architecture; corridor study; capital improvement program,OfficialAwardVerified,Official SS4A award source.,https://www.transportation.gov/sites/dot.gov/files/2023-12/FY23_SS4A_PDG-Awards-by-State.pdf
The City of Asbury Park Comprehensive Transportation Safety Action Plan,New Jersey,2023,Planning_Analysis_Default,award,SS4A,Planning/Demonstration,City of Asbury Park,The City of Asbury Park Comprehensive Transportation Safety Action Plan,Federal,160000,1 year planning/demo award,5,32,MTP; TIP/STIP; regional ITS architecture; corridor study; capital improvement program,OfficialAwardVerified,Official SS4A award source.,https://www.transportation.gov/sites/dot.gov/files/2023-12/FY23_SS4A_PDG-Awards-by-State.pdf
Town of Hammonton Road Safety Implementation,New Jersey,2023,Planning_Analysis_Default,award,SS4A,Implementation,Town of Hammonton,Town of Hammonton Road Safety Implementation,Federal,14434301,Multi-year implementation award,5,32,MTP; TIP/STIP; regional ITS architecture; corridor study; capital improvement program,OfficialAwardVerified,Official SS4A award source.,https://www.transportation.gov/grants/ss4a/fy23-all-funding-awards-by-state; https://njbikeped.org/2023-ss4a-new-jersey/
Township of Belleville Roadway Safety Action Plan,New Jersey,2023,Planning_Analysis_Default,award,SS4A,Planning/Demonstration,Township of Belleville,Township of Belleville Roadway Safety Action Plan,Federal,400000,1 year planning/demo award,5,32,MTP; TIP/STIP; regional ITS architecture; corridor study; capital improvement program,OfficialAwardVerified,Official SS4A award source.,https://www.transportation.gov/sites/dot.gov/files/2023-12/FY23_SS4A_PDG-Awards-by-State.pdf
Township of Cherry Hill Safe Streets Action Plan,New Jersey,2023,Planning_Analysis_Default,award,SS4A,Planning/Demonstration,Cherry Hill Township,Township of Cherry Hill Safe Streets Action Plan,Federal,400000,1 year planning/demo award,5,32,MTP; TIP/STIP; regional ITS architecture; corridor study; capital improvement program,OfficialAwardVerified,Official SS4A award source.,https://www.transportation.gov/sites/dot.gov/files/2023-12/FY23_SS4A_PDG-Awards-by-State.pdf
Township of Edgewater Park Safe Streets for All Action Plan,New Jersey,2023,Planning_Analysis_Default,award,SS4A,Planning/Demonstration,Edgewater Park,Township of Edgewater Park Safe Streets for All Action Plan,Federal,400000,1 year planning/demo award,5,32,MTP; TIP/STIP; regional ITS architecture; corridor study; capital improvement program,OfficialAwardVerified,Official SS4A award source.,https://www.transportation.gov/sites/dot.gov/files/2023-12/FY23_SS4A_PDG-Awards-by-State.pdf
Township of Lumberton Safe Streets Action Plan,New Jersey,2023,Planning_Analysis_Default,award,SS4A,Planning/Demonstration,Lumberton Township,Township of Lumberton Safe Streets Action Plan,Federal,400000,1 year planning/demo award,5,32,MTP; TIP/STIP; regional ITS architecture; corridor study; capital improvement program,OfficialAwardVerified,Official SS4A award source.,https://www.transportation.gov/sites/dot.gov/files/2023-12/FY23_SS4A_PDG-Awards-by-State.pdf
Township of Medford Safe Streets for All Supplemental Planning,New Jersey,2023,Planning_Analysis_Default,award,SS4A,Planning/Demonstration,Township of Medford,Township of Medford Safe Streets for All Supplemental Planning,Federal,200000,1 year planning/demo award,5,32,MTP; TIP/STIP; regional ITS architecture; corridor study; capital improvement program,OfficialAwardVerified,Official SS4A award source.,https://www.transportation.gov/sites/dot.gov/files/2023-12/FY23_SS4A_PDG-Awards-by-State.pdf
Township of Southampton Safe Streets Action Plan,New Jersey,2023,Planning_Analysis_Default,award,SS4A,Planning/Demonstration,Southampton Township,Township of Southampton Safe Streets Action Plan,Federal,400000,1 year planning/demo award,5,32,MTP; TIP/STIP; regional ITS architecture; corridor study; capital improvement program,OfficialAwardVerified,Official SS4A award source.,https://www.transportation.gov/sites/dot.gov/files/2023-12/FY23_SS4A_PDG-Awards-by-State.pdf
Union Township Comprehensive Safety Action Plan,New Jersey,2023,Planning_Analysis_Default,award,SS4A,Planning/Demonstration,Union Township,Union Township Comprehensive Safety Action Plan,Federal,200000,1 year planning/demo award,5,32,MTP; TIP/STIP; regional ITS architecture; corridor study; capital improvement program,OfficialAwardVerified,Official SS4A award source.,https://www.transportation.gov/sites/dot.gov/files/2023-12/FY23_SS4A_PDG-Awards-by-State.pdf
"Willingboro Township, Safe Streets and Roads - High Injury Network Study",New Jersey,2023,Planning_Analysis_Default,award,SS4A,Planning/Demonstration,Willingboro Township,"Willingboro Township, Safe Streets and Roads - High Injury Network Study",Federal,96000,1 year planning/demo award,5,32,MTP; TIP/STIP; regional ITS architecture; corridor study; capital improvement program,OfficialAwardVerified,Official SS4A award source.,https://www.transportation.gov/sites/dot.gov/files/2023-12/FY23_SS4A_PDG-Awards-by-State.pdf
Planning Baseline - No Verified Federal Award,Texas,2000,Planning_Analysis_Default,planning_baseline,,,,,,0,,3,12,Long-range transportation plan; TIP/STIP; corridor study,MockPlanningFileBaseline,Combined default: no official SMART/ATCMTD/ATTAIN/SS4A award; mock planning-file evidence only.,
Planning Baseline - No Verified Federal Award,Texas,2001,Planning_Analysis_Default,planning_baseline,,,,,,0,,3,12,Long-range transportation plan; TIP/STIP; corridor study,MockPlanningFileBaseline,Combined default: no official SMART/ATCMTD/ATTAIN/SS4A award; mock planning-file evidence only.,
Planning Baseline - No Verified Federal Award,Texas,2002,Planning_Analysis_Default,planning_baseline,,,,,,0,,3,13,Long-range transportation plan; TIP/STIP; corridor study,MockPlanningFileBaseline,Combined default: no official SMART/ATCMTD/ATTAIN/SS4A award; mock planning-file evidence only.,
Planning Baseline - No Verified Federal Award,Texas,2003,Planning_Analysis_Default,planning_baseline,,,,,,0,,3,13,Long-range transportation plan; TIP/STIP; corridor study,MockPlanningFileBaseline,Combined default: no official SMART/ATCMTD/ATTAIN/SS4A award; mock planning-file evidence only.,
Planning Baseline - No Verified Federal Award,Texas,2004,Planning_Analysis_Default,planning_baseline,,,,,,0,,3,14,Long-range transportation plan; TIP/STIP; corridor study,MockPlanningFileBaseline,Combined default: no official SMART/ATCMTD/ATTAIN/SS4A award; mock planning-file evidence only.,
Planning Baseline - No Verified Federal Award,Texas,2005,Planning_Analysis_Default,planning_baseline,,,,,,0,,3,15,Long-range transportation plan; TIP/STIP; regional ITS architecture,MockPlanningFileBaseline,Combined default: no official SMART/ATCMTD/ATTAIN/SS4A award; mock planning-file evidence only.,
Planning Baseline - No Verified Federal Award,Texas,2006,Planning_Analysis_Default,planning_baseline,,,,,,0,,3,16,Long-range transportation plan; TIP/STIP; regional ITS architecture,MockPlanningFileBaseline,Combined default: no official SMART/ATCMTD/ATTAIN/SS4A award; mock planning-file evidence only.,
Planning Baseline - No Verified Federal Award,Texas,2007,Planning_Analysis_Default,planning_baseline,,,,,,0,,3,17,Long-range transportation plan; TIP/STIP; regional ITS architecture,MockPlanningFileBaseline,Combined default: no official SMART/ATCMTD/ATTAIN/SS4A award; mock planning-file evidence only.,
Planning Baseline - No Verified Federal Award,Texas,2008,Planning_Analysis_Default,planning_baseline,,,,,,0,,3,18,Long-range transportation plan; TIP/STIP; regional ITS architecture,MockPlanningFileBaseline,Combined default: no official SMART/ATCMTD/ATTAIN/SS4A award; mock planning-file evidence only.,
Planning Baseline - No Verified Federal Award,Texas,2009,Planning_Analysis_Default,planning_baseline,,,,,,0,,4,20,MTP; TIP/STIP; regional ITS architecture; corridor study,MockPlanningFileBaseline,Combined default: no official SMART/ATCMTD/ATTAIN/SS4A award; mock planning-file evidence only.,
Planning Baseline - No Verified Federal Award,Texas,2010,Planning_Analysis_Default,planning_baseline,,,,,,0,,4,21,MTP; TIP/STIP; regional ITS architecture; corridor study,MockPlanningFileBaseline,Combined default: no official SMART/ATCMTD/ATTAIN/SS4A award; mock planning-file evidence only.,
Planning Baseline - No Verified Federal Award,Texas,2011,Planning_Analysis_Default,planning_baseline,,,,,,0,,4,22,MTP; TIP/STIP; regional ITS architecture; corridor study,MockPlanningFileBaseline,Combined default: no official SMART/ATCMTD/ATTAIN/SS4A award; mock planning-file evidence only.,
Planning Baseline - No Verified Federal Award,Texas,2012,Planning_Analysis_Default,planning_baseline,,,,,,0,,4,23,MTP; TIP/STIP; regional ITS architecture; corridor study,MockPlanningFileBaseline,Combined default: no official SMART/ATCMTD/ATTAIN/SS4A award; mock planning-file evidence only.,
Planning Baseline - No Verified Federal Award,Texas,2013,Planning_Analysis_Default,planning_baseline,,,,,,0,,4,24,MTP; TIP/STIP; regional ITS architecture; corridor study,MockPlanningFileBaseline,Combined default: no official SMART/ATCMTD/ATTAIN/SS4A award; mock planning-file evidence only.,
Planning Baseline - No Verified Federal Award,Texas,2014,Planning_Analysis_Default,planning_baseline,,,,,,0,,4,25,MTP; TIP/STIP; regional ITS architecture; corridor study,MockPlanningFileBaseline,Combined default: no official SMART/ATCMTD/ATTAIN/SS4A award; mock planning-file evidence only.,
Planning Baseline - No Verified Federal Award,Texas,2015,Planning_Analysis_Default,planning_baseline,,,,,,0,,4,26,MTP; TIP/STIP; regional ITS architecture; freight corridor plan,MockPlanningFileBaseline,Combined default: no official SMART/ATCMTD/ATTAIN/SS4A award; mock planning-file evidence only.,
ConnectSmart Connecting TSMO and Active Demand Management,Texas,2016,Planning_Analysis_Default,award,ATCMTD,Deployment,Houston Texas,ConnectSmart Connecting TSMO and Active Demand Management,Federal,8939062,Multi-year deployment award,5,28,MTP; TIP/STIP; regional ITS architecture; freight corridor plan; connected freight plan,OfficialAwardVerified,Official ATCMTD award source.,https://ops.fhwa.dot.gov/fastact/atcmtd/fy16awards/index.htm
Texas Connected Freight Corridors Project,Texas,2017,Planning_Analysis_Default,award,ATCMTD,Deployment,Texas Department of Transportation,Texas Connected Freight Corridors Project,Federal,6090221,Multi-year deployment award,5,30,MTP; TIP/STIP; regional ITS architecture; freight corridor plan; connected freight plan,OfficialAwardVerified,Official ATCMTD award source.,https://ops.fhwa.dot.gov/fastact/atcmtd/2017/awards/index.htm
I-10 Corridor Coalition TPAS,Texas,2018,Planning_Analysis_Default,award,ATCMTD,Deployment,Texas Department of Transportation,I-10 Corridor Coalition TPAS,Federal,6850000,Multi-year deployment award,5,32,MTP; TIP/STIP; regional ITS architecture; freight corridor plan; connected freight plan,OfficialAwardVerified,Official ATCMTD award source.,https://ops.fhwa.dot.gov/fastact/atcmtd/2018/awards/index.htm
Planning Baseline - No Verified Federal Award,Texas,2019,Planning_Analysis_Default,planning_baseline,,,,,,0,,5,34,MTP; TIP/STIP; regional ITS architecture; corridor study; capital improvement program,OfficialNoAwardFound,Official FY2019 ATCMTD list checked; no Texas award found. Mock planning-file evidence included.,
SM Wright Smart Corridor,Texas,2020,Planning_Analysis_Default,award,ATCMTD,Deployment,City of Dallas,SM Wright Smart Corridor,Federal,4000000,Multi-year deployment award,5,36,MTP; TIP/STIP; regional ITS architecture; corridor study; capital improvement program,OfficialAwardVerified,Official ATCMTD award source.,https://ops.fhwa.dot.gov/fastact/atcmtd/2020/awards/index.htm
Planning Baseline - No Verified Federal Award,Texas,2021,Planning_Analysis_Default,planning_baseline,,,,,,0,,5,38,MTP; TIP/STIP; regional ITS architecture; corridor study; capital improvement program,OfficialNoAwardFound,Official FY2021 ATCMTD list checked; no Texas award found. Mock planning-file evidence included.,
Harris County Flood Warning System,Texas,2022,Planning_Analysis_Default,award,SMART,Demonstration,Harris County,Harris County Flood Warning System,Federal,2000000,1 year planning/demo award,5,40,MTP; TIP/STIP; regional ITS architecture; corridor study; capital improvement program,OfficialAwardVerified,Official SMART award source.,https://www.transportation.gov/sites/dot.gov/files/2023-03/FY22%20SMART%20Project%20List.pdf
Smarter Intersections Pilot Project,Texas,2022,Planning_Analysis_Default,award,SMART,Demonstration,Texas Department of Transportation,Smarter Intersections Pilot Project,Federal,1900000,1 year planning/demo award,5,40,MTP; TIP/STIP; regional ITS architecture; corridor study; capital improvement program,OfficialAwardVerified,Official SMART award source.,https://www.transportation.gov/sites/dot.gov/files/2023-03/FY22%20SMART%20Project%20List.pdf
Alabama-Coushatta Tribe of Texas Safety Action Plan,Texas,2022,Planning_Analysis_Default,award,SS4A,Planning/Demonstration,Alabama-Coushatta Tribe of Texas,Alabama-Coushatta Tribe of Texas Safety Action Plan,Federal,279652,1 year planning/demo award,5,40,MTP; TIP/STIP; regional ITS architecture; corridor study; capital improvement program,OfficialAwardVerified,Official SS4A award source.,https://www.transportation.gov/grants/ss4a/2022-full-award-list; https://thelcpc.org/wp-content/uploads/2023/02/SS4A-2022-Implementation-Grant-Award-Fact-Sheets.pdf; https://roadwayinsights.com/ss4a-award-map/
Bissonnet Corridor Safe Streets Project,Texas,2022,Planning_Analysis_Default,award,SS4A,Implementation,City of Houston,Bissonnet Corridor Safe Streets Project,Federal,28789305,Multi-year implementation award,5,40,MTP; TIP/STIP; regional ITS architecture; corridor study; capital improvement program,OfficialAwardVerified,Official SS4A award source.,https://www.transportation.gov/grants/ss4a/2022-full-award-list; https://thelcpc.org/wp-content/uploads/2023/02/SS4A-2022-Implementation-Grant-Award-Fact-Sheets.pdf; https://roadwayinsights.com/ss4a-award-map/
Bryan-College Station Regional Safety Action Plan,Texas,2022,Planning_Analysis_Default,award,SS4A,Planning/Demonstration,Bryan-College Station Metropolitan Planning Organization,Bryan-College Station Regional Safety Action Plan,Federal,210000,1 year planning/demo award,5,40,MTP; TIP/STIP; regional ITS architecture; corridor study; capital improvement program,OfficialAwardVerified,Official SS4A award source.,https://www.transportation.gov/grants/ss4a/2022-full-award-list; https://thelcpc.org/wp-content/uploads/2023/02/SS4A-2022-Implementation-Grant-Award-Fact-Sheets.pdf; https://roadwayinsights.com/ss4a-award-map/
Capital Area Metropolitan Planning Organization Safety Action Plan,Texas,2022,Planning_Analysis_Default,award,SS4A,Planning/Demonstration,Capital Area Metropolitan Planning Organization,Capital Area Metropolitan Planning Organization Safety Action Plan,Federal,2320000,1 year planning/demo award,5,40,MTP; TIP/STIP; regional ITS architecture; corridor study; capital improvement program,OfficialAwardVerified,Official SS4A award source.,https://www.transportation.gov/grants/ss4a/2022-full-award-list; https://thelcpc.org/wp-content/uploads/2023/02/SS4A-2022-Implementation-Grant-Award-Fact-Sheets.pdf; https://roadwayinsights.com/ss4a-award-map/
Central Texas Council of Governments Action Plan,Texas,2022,Planning_Analysis_Default,award,SS4A,Planning/Demonstration,Central Texas Council of Governments,Central Texas Council of Governments Action Plan,Federal,1870803,1 year planning/demo award,5,40,MTP; TIP/STIP; regional ITS architecture; corridor study; capital improvement program,OfficialAwardVerified,Official SS4A award source.,https://www.transportation.gov/grants/ss4a/2022-full-award-list; https://thelcpc.org/wp-content/uploads/2023/02/SS4A-2022-Implementation-Grant-Award-Fact-Sheets.pdf; https://roadwayinsights.com/ss4a-award-map/
City of Amarillo Safety Action Plan,Texas,2022,Planning_Analysis_Default,award,SS4A,Planning/Demonstration,City of Amarillo,City of Amarillo Safety Action Plan,Federal,240000,1 year planning/demo award,5,40,MTP; TIP/STIP; regional ITS architecture; corridor study; capital improvement program,OfficialAwardVerified,Official SS4A award source.,https://www.transportation.gov/grants/ss4a/2022-full-award-list; https://thelcpc.org/wp-content/uploads/2023/02/SS4A-2022-Implementation-Grant-Award-Fact-Sheets.pdf; https://roadwayinsights.com/ss4a-award-map/
City of Arlington Safety Action Plan,Texas,2022,Planning_Analysis_Default,award,SS4A,Planning/Demonstration,City of Arlington,City of Arlington Safety Action Plan,Federal,240000,1 year planning/demo award,5,40,MTP; TIP/STIP; regional ITS architecture; corridor study; capital improvement program,OfficialAwardVerified,Official SS4A award source.,https://www.transportation.gov/grants/ss4a/2022-full-award-list; https://thelcpc.org/wp-content/uploads/2023/02/SS4A-2022-Implementation-Grant-Award-Fact-Sheets.pdf; https://roadwayinsights.com/ss4a-award-map/
City of Carrollton Safety Action Plan,Texas,2022,Planning_Analysis_Default,award,SS4A,Planning/Demonstration,City of Carrollton,City of Carrollton Safety Action Plan,Federal,60000,1 year planning/demo award,5,40,MTP; TIP/STIP; regional ITS architecture; corridor study; capital improvement program,OfficialAwardVerified,Official SS4A award source.,https://www.transportation.gov/grants/ss4a/2022-full-award-list; https://thelcpc.org/wp-content/uploads/2023/02/SS4A-2022-Implementation-Grant-Award-Fact-Sheets.pdf; https://roadwayinsights.com/ss4a-award-map/
City of DeSoto Comprehensive Safety Action Plan,Texas,2022,Planning_Analysis_Default,award,SS4A,Planning/Demonstration,City of DeSoto,City of DeSoto Comprehensive Safety Action Plan,Federal,160000,1 year planning/demo award,5,40,MTP; TIP/STIP; regional ITS architecture; corridor study; capital improvement program,OfficialAwardVerified,Official SS4A award source.,https://www.transportation.gov/grants/ss4a/2022-full-award-list; https://thelcpc.org/wp-content/uploads/2023/02/SS4A-2022-Implementation-Grant-Award-Fact-Sheets.pdf; https://roadwayinsights.com/ss4a-award-map/
City of Fort Worth Safety Action Plan,Texas,2022,Planning_Analysis_Default,award,SS4A,Planning/Demonstration,City of Fort Worth,City of Fort Worth Safety Action Plan,Federal,419506,1 year planning/demo award,5,40,MTP; TIP/STIP; regional ITS architecture; corridor study; capital improvement program,OfficialAwardVerified,Official SS4A award source.,https://www.transportation.gov/grants/ss4a/2022-full-award-list; https://thelcpc.org/wp-content/uploads/2023/02/SS4A-2022-Implementation-Grant-Award-Fact-Sheets.pdf; https://roadwayinsights.com/ss4a-award-map/
City of Galveston Safety Action Plan,Texas,2022,Planning_Analysis_Default,award,SS4A,Planning/Demonstration,City of Galveston,City of Galveston Safety Action Plan,Federal,320000,1 year planning/demo award,5,40,MTP; TIP/STIP; regional ITS architecture; corridor study; capital improvement program,OfficialAwardVerified,Official SS4A award source.,https://www.transportation.gov/grants/ss4a/2022-full-award-list; https://thelcpc.org/wp-content/uploads/2023/02/SS4A-2022-Implementation-Grant-Award-Fact-Sheets.pdf; https://roadwayinsights.com/ss4a-award-map/
City of San Angelo Safety Action Plan,Texas,2022,Planning_Analysis_Default,award,SS4A,Planning/Demonstration,City of San Angelo,City of San Angelo Safety Action Plan,Federal,400000,1 year planning/demo award,5,40,MTP; TIP/STIP; regional ITS architecture; corridor study; capital improvement program,OfficialAwardVerified,Official SS4A award source.,https://www.transportation.gov/grants/ss4a/2022-full-award-list; https://thelcpc.org/wp-content/uploads/2023/02/SS4A-2022-Implementation-Grant-Award-Fact-Sheets.pdf; https://roadwayinsights.com/ss4a-award-map/
City of Seguin Safety Action Plan,Texas,2022,Planning_Analysis_Default,award,SS4A,Planning/Demonstration,City of Seguin,City of Seguin Safety Action Plan,Federal,265200,1 year planning/demo award,5,40,MTP; TIP/STIP; regional ITS architecture; corridor study; capital improvement program,OfficialAwardVerified,Official SS4A award source.,https://www.transportation.gov/grants/ss4a/2022-full-award-list; https://thelcpc.org/wp-content/uploads/2023/02/SS4A-2022-Implementation-Grant-Award-Fact-Sheets.pdf; https://roadwayinsights.com/ss4a-award-map/
County of Reeves Safety Action Plan,Texas,2022,Planning_Analysis_Default,award,SS4A,Planning/Demonstration,County of Reeves,County of Reeves Safety Action Plan,Federal,240000,1 year planning/demo award,5,40,MTP; TIP/STIP; regional ITS architecture; corridor study; capital improvement program,OfficialAwardVerified,Official SS4A award source.,https://www.transportation.gov/grants/ss4a/2022-full-award-list; https://thelcpc.org/wp-content/uploads/2023/02/SS4A-2022-Implementation-Grant-Award-Fact-Sheets.pdf; https://roadwayinsights.com/ss4a-award-map/
East End District Safety Action Plan,Texas,2022,Planning_Analysis_Default,award,SS4A,Planning/Demonstration,East End District,East End District Safety Action Plan,Federal,603646,1 year planning/demo award,5,40,MTP; TIP/STIP; regional ITS architecture; corridor study; capital improvement program,OfficialAwardVerified,Official SS4A award source.,https://www.transportation.gov/grants/ss4a/2022-full-award-list; https://thelcpc.org/wp-content/uploads/2023/02/SS4A-2022-Implementation-Grant-Award-Fact-Sheets.pdf; https://roadwayinsights.com/ss4a-award-map/
Midland County Safety Action Plan,Texas,2022,Planning_Analysis_Default,award,SS4A,Planning/Demonstration,Midland County,Midland County Safety Action Plan,Federal,240000,1 year planning/demo award,5,40,MTP; TIP/STIP; regional ITS architecture; corridor study; capital improvement program,OfficialAwardVerified,Official SS4A award source.,https://www.transportation.gov/grants/ss4a/2022-full-award-list; https://thelcpc.org/wp-content/uploads/2023/02/SS4A-2022-Implementation-Grant-Award-Fact-Sheets.pdf; https://roadwayinsights.com/ss4a-award-map/
Permian Basin Regional Planning Commission Safety Action Plan,Texas,2022,Planning_Analysis_Default,award,SS4A,Planning/Demonstration,Permian Basin Regional Planning Commission,Permian Basin Regional Planning Commission Safety Action Plan,Federal,600000,1 year planning/demo award,5,40,MTP; TIP/STIP; regional ITS architecture; corridor study; capital improvement program,OfficialAwardVerified,Official SS4A award source.,https://www.transportation.gov/grants/ss4a/2022-full-award-list; https://thelcpc.org/wp-content/uploads/2023/02/SS4A-2022-Implementation-Grant-Award-Fact-Sheets.pdf; https://roadwayinsights.com/ss4a-award-map/
Port of Galveston Safety Action Plan,Texas,2022,Planning_Analysis_Default,award,SS4A,Planning/Demonstration,Port of Galveston,Port of Galveston Safety Action Plan,Federal,340000,1 year planning/demo award,5,40,MTP; TIP/STIP; regional ITS architecture; corridor study; capital improvement program,OfficialAwardVerified,Official SS4A award source.,https://www.transportation.gov/grants/ss4a/2022-full-award-list; https://thelcpc.org/wp-content/uploads/2023/02/SS4A-2022-Implementation-Grant-Award-Fact-Sheets.pdf; https://roadwayinsights.com/ss4a-award-map/
Rio Grande Valley Metropolitan Planning Organization Safety Action Plan,Texas,2022,Planning_Analysis_Default,award,SS4A,Planning/Demonstration,Rio Grande Valley Metropolitan Planning Organization,Rio Grande Valley Metropolitan Planning Organization Safety Action Plan,Federal,200000,1 year planning/demo award,5,40,MTP; TIP/STIP; regional ITS architecture; corridor study; capital improvement program,OfficialAwardVerified,Official SS4A award source.,https://www.transportation.gov/grants/ss4a/2022-full-award-list; https://thelcpc.org/wp-content/uploads/2023/02/SS4A-2022-Implementation-Grant-Award-Fact-Sheets.pdf; https://roadwayinsights.com/ss4a-award-map/
Safe and Equitable Mobility for Austin,Texas,2022,Planning_Analysis_Default,award,SS4A,Implementation,City of Austin,Safe and Equitable Mobility for Austin,Federal,22866400,Multi-year implementation award,5,40,MTP; TIP/STIP; regional ITS architecture; corridor study; capital improvement program,OfficialAwardVerified,Official SS4A award source.,https://www.transportation.gov/grants/ss4a/2022-full-award-list; https://thelcpc.org/wp-content/uploads/2023/02/SS4A-2022-Implementation-Grant-Award-Fact-Sheets.pdf; https://roadwayinsights.com/ss4a-award-map/
Travis County Safety Action Plan,Texas,2022,Planning_Analysis_Default,award,SS4A,Planning/Demonstration,Travis County,Travis County Safety Action Plan,Federal,350000,1 year planning/demo award,5,40,MTP; TIP/STIP; regional ITS architecture; corridor study; capital improvement program,OfficialAwardVerified,Official SS4A award source.,https://www.transportation.gov/grants/ss4a/2022-full-award-list; https://thelcpc.org/wp-content/uploads/2023/02/SS4A-2022-Implementation-Grant-Award-Fact-Sheets.pdf; https://roadwayinsights.com/ss4a-award-map/
Vision Zero Webb Laredo,Texas,2022,Planning_Analysis_Default,award,SS4A,Planning/Demonstration,Webb County-City of Laredo Regional Mobility Authority,Vision Zero Webb Laredo,Federal,1600000,1 year planning/demo award,5,40,MTP; TIP/STIP; regional ITS architecture; corridor study; capital improvement program,OfficialAwardVerified,Official SS4A award source.,https://www.transportation.gov/grants/ss4a/2022-full-award-list; https://thelcpc.org/wp-content/uploads/2023/02/SS4A-2022-Implementation-Grant-Award-Fact-Sheets.pdf; https://roadwayinsights.com/ss4a-award-map/
Waco Metropolitan Planning Organization Safety Action Plan,Texas,2022,Planning_Analysis_Default,award,SS4A,Planning/Demonstration,Waco Metropolitan Planning Organization,Waco Metropolitan Planning Organization Safety Action Plan,Federal,560000,1 year planning/demo award,5,40,MTP; TIP/STIP; regional ITS architecture; corridor study; capital improvement program,OfficialAwardVerified,Official SS4A award source.,https://www.transportation.gov/grants/ss4a/2022-full-award-list; https://thelcpc.org/wp-content/uploads/2023/02/SS4A-2022-Implementation-Grant-Award-Fact-Sheets.pdf; https://roadwayinsights.com/ss4a-award-map/
Zarzamora Street Mid-Block Crossings and High-Injury Network Safety Campaigns,Texas,2022,Planning_Analysis_Default,award,SS4A,Implementation,City of San Antonio,Zarzamora Street Mid-Block Crossings and High-Injury Network Safety Campaigns,Federal,4400000,Multi-year implementation award,5,40,MTP; TIP/STIP; regional ITS architecture; corridor study; capital improvement program,OfficialAwardVerified,Official SS4A award source.,https://www.transportation.gov/grants/ss4a/2022-full-award-list; https://thelcpc.org/wp-content/uploads/2023/02/SS4A-2022-Implementation-Grant-Award-Fact-Sheets.pdf; https://roadwayinsights.com/ss4a-award-map/
Improving Safety and Mobility Through Connectivity,Texas,2023,Planning_Analysis_Default,award,ATTAIN,Deployment,City of Cedar Park,Improving Safety and Mobility Through Connectivity,Federal,4424000,Multi-year deployment award,5,42,MTP; TIP/STIP; regional ITS architecture; corridor study; capital improvement program,OfficialAwardVerified,Official ATTAIN award source.,https://ops.fhwa.dot.gov/infrastructure-investment-and-jobs-act/ATTAIN/fy2023-2024/awards/
Fort Worth Intelligent Micro-Weather Network,Texas,2023,Planning_Analysis_Default,award,SMART,Demonstration,City of Fort Worth,Fort Worth Intelligent Micro-Weather Network,Federal,2000000,1 year planning/demo award,5,42,MTP; TIP/STIP; regional ITS architecture; corridor study; capital improvement program,OfficialAwardVerified,Official SMART award source.,https://www.transportation.gov/sites/dot.gov/files/2025-12/FY23%20SMART%20Project%20List%20for%20Website%20v2.pdf
"A Comprehensive Safety Action Plan for Baytown, Texas",Texas,2023,Planning_Analysis_Default,award,SS4A,Planning/Demonstration,City of Baytown,"A Comprehensive Safety Action Plan for Baytown, Texas",Federal,400000,1 year planning/demo award,5,42,MTP; TIP/STIP; regional ITS architecture; corridor study; capital improvement program,OfficialAwardVerified,Official SS4A award source.,https://www.transportation.gov/sites/dot.gov/files/2023-12/FY23_SS4A_PDG-Awards-by-State.pdf
Advancing Regional Safety in the Dallas-Fort Worth Region,Texas,2023,Planning_Analysis_Default,award,SS4A,Planning/Demonstration,North Central Texas Council of Governments,Advancing Regional Safety in the Dallas-Fort Worth Region,Federal,4000000,1 year planning/demo award,5,42,MTP; TIP/STIP; regional ITS architecture; corridor study; capital improvement program,OfficialAwardVerified,Official SS4A award source.,https://www.transportation.gov/sites/dot.gov/files/2023-12/FY23_SS4A_PDG-Awards-by-State.pdf
Alvarado Multimodal Transportation Safety Plan,Texas,2023,Planning_Analysis_Default,award,SS4A,Planning/Demonstration,City of Alvarado,Alvarado Multimodal Transportation Safety Plan,Federal,236000,1 year planning/demo award,5,42,MTP; TIP/STIP; regional ITS architecture; corridor study; capital improvement program,OfficialAwardVerified,Official SS4A award source.,https://www.transportation.gov/sites/dot.gov/files/2023-12/FY23_SS4A_PDG-Awards-by-State.pdf
Brownsville Safety Demonstration Project,Texas,2023,Planning_Analysis_Default,award,SS4A,Planning/Demonstration,City of Brownsville,Brownsville Safety Demonstration Project,Federal,256244,1 year planning/demo award,5,42,MTP; TIP/STIP; regional ITS architecture; corridor study; capital improvement program,OfficialAwardVerified,Official SS4A award source.,https://www.transportation.gov/sites/dot.gov/files/2023-12/FY23_SS4A_PDG-Awards-by-State.pdf
City of Arlington - ADA Transition Plan,Texas,2023,Planning_Analysis_Default,award,SS4A,Planning/Demonstration,City of Arlington,City of Arlington - ADA Transition Plan,Federal,385000,1 year planning/demo award,5,42,MTP; TIP/STIP; regional ITS architecture; corridor study; capital improvement program,OfficialAwardVerified,Official SS4A award source.,https://www.transportation.gov/sites/dot.gov/files/2023-12/FY23_SS4A_PDG-Awards-by-State.pdf
City of Austin Planning Activities,Texas,2023,Planning_Analysis_Default,award,SS4A,Planning/Demonstration,City of Austin,City of Austin Planning Activities,Federal,288000,1 year planning/demo award,5,42,MTP; TIP/STIP; regional ITS architecture; corridor study; capital improvement program,OfficialAwardVerified,Official SS4A award source.,https://www.transportation.gov/sites/dot.gov/files/2023-12/FY23_SS4A_PDG-Awards-by-State.pdf
City of Brackettville's Action Plan Project - Accept Zero,Texas,2023,Planning_Analysis_Default,award,SS4A,Planning/Demonstration,City of Brackettville,City of Brackettville's Action Plan Project - Accept Zero,Federal,120000,1 year planning/demo award,5,42,MTP; TIP/STIP; regional ITS architecture; corridor study; capital improvement program,OfficialAwardVerified,Official SS4A award source.,https://www.transportation.gov/sites/dot.gov/files/2023-12/FY23_SS4A_PDG-Awards-by-State.pdf
City of Frisco TX Safety Action Plan,Texas,2023,Planning_Analysis_Default,award,SS4A,Planning/Demonstration,City of Frisco,City of Frisco TX Safety Action Plan,Federal,280000,1 year planning/demo award,5,42,MTP; TIP/STIP; regional ITS architecture; corridor study; capital improvement program,OfficialAwardVerified,Official SS4A award source.,https://www.transportation.gov/sites/dot.gov/files/2023-12/FY23_SS4A_PDG-Awards-by-State.pdf
City of McKinney Safety Action Plan,Texas,2023,Planning_Analysis_Default,award,SS4A,Planning/Demonstration,City of McKinney,City of McKinney Safety Action Plan,Federal,240000,1 year planning/demo award,5,42,MTP; TIP/STIP; regional ITS architecture; corridor study; capital improvement program,OfficialAwardVerified,Official SS4A award source.,https://www.transportation.gov/sites/dot.gov/files/2023-12/FY23_SS4A_PDG-Awards-by-State.pdf
City of Port Arthur - Transportation Safety Plan,Texas,2023,Planning_Analysis_Default,award,SS4A,Planning/Demonstration,City of Port Arthur,City of Port Arthur - Transportation Safety Plan,Federal,1931696,1 year planning/demo award,5,42,MTP; TIP/STIP; regional ITS architecture; corridor study; capital improvement program,OfficialAwardVerified,Official SS4A award source.,https://www.transportation.gov/sites/dot.gov/files/2023-12/FY23_SS4A_PDG-Awards-by-State.pdf
City of Terrell Road Safety Action Plan,Texas,2023,Planning_Analysis_Default,award,SS4A,Planning/Demonstration,City of Terrell,City of Terrell Road Safety Action Plan,Federal,168000,1 year planning/demo award,5,42,MTP; TIP/STIP; regional ITS architecture; corridor study; capital improvement program,OfficialAwardVerified,Official SS4A award source.,https://www.transportation.gov/sites/dot.gov/files/2023-12/FY23_SS4A_PDG-Awards-by-State.pdf
East Texas Council of Governments Regional Road Safety Proposal,Texas,2023,Planning_Analysis_Default,award,SS4A,Planning/Demonstration,East Texas Council of Governments,East Texas Council of Governments Regional Road Safety Proposal,Federal,768000,1 year planning/demo award,5,42,MTP; TIP/STIP; regional ITS architecture; corridor study; capital improvement program,OfficialAwardVerified,Official SS4A award source.,https://www.transportation.gov/sites/dot.gov/files/2023-12/FY23_SS4A_PDG-Awards-by-State.pdf
Greater Northside Safety Implementation Project,Texas,2023,Planning_Analysis_Default,award,SS4A,Implementation,Greater Northside Management District,Greater Northside Safety Implementation Project,Federal,10143200,Multi-year implementation award,5,42,MTP; TIP/STIP; regional ITS architecture; corridor study; capital improvement program,OfficialAwardVerified,Official SS4A award source.,https://www.transportation.gov/grants/ss4a/fy23-all-funding-awards-by-state
MLK Jr./Cedar Crest Boulevard Complete Street and Safety Upgrades,Texas,2023,Planning_Analysis_Default,award,SS4A,Implementation,City of Dallas,MLK Jr./Cedar Crest Boulevard Complete Street and Safety Upgrades,Federal,21800000,Multi-year implementation award,5,42,MTP; TIP/STIP; regional ITS architecture; corridor study; capital improvement program,OfficialAwardVerified,Official SS4A award source.,https://www.transportation.gov/grants/ss4a/fy23-all-funding-awards-by-state
Mansfield Active Transportation and Safety Plan,Texas,2023,Planning_Analysis_Default,award,SS4A,Planning/Demonstration,City of Mansfield,Mansfield Active Transportation and Safety Plan,Federal,548800,1 year planning/demo award,5,42,MTP; TIP/STIP; regional ITS architecture; corridor study; capital improvement program,OfficialAwardVerified,Official SS4A award source.,https://www.transportation.gov/sites/dot.gov/files/2023-12/FY23_SS4A_PDG-Awards-by-State.pdf
Midlothian Mobility Safety Action Plan,Texas,2023,Planning_Analysis_Default,award,SS4A,Planning/Demonstration,City of Midlothian,Midlothian Mobility Safety Action Plan,Federal,107284,1 year planning/demo award,5,42,MTP; TIP/STIP; regional ITS architecture; corridor study; capital improvement program,OfficialAwardVerified,Official SS4A award source.,https://www.transportation.gov/sites/dot.gov/files/2023-12/FY23_SS4A_PDG-Awards-by-State.pdf
"Place-Based Planning and Demonstration Projects for Vulnerable Road User Safety in McLennan County, TX",Texas,2023,Planning_Analysis_Default,award,SS4A,Planning/Demonstration,Waco Metropolitan Planning Organization,"Place-Based Planning and Demonstration Projects for Vulnerable Road User Safety in McLennan County, TX",Federal,1200000,1 year planning/demo award,5,42,MTP; TIP/STIP; regional ITS architecture; corridor study; capital improvement program,OfficialAwardVerified,Official SS4A award source.,https://www.transportation.gov/sites/dot.gov/files/2023-12/FY23_SS4A_PDG-Awards-by-State.pdf
Richardson Comprehensive Safety Action Plan,Texas,2023,Planning_Analysis_Default,award,SS4A,Planning/Demonstration,City of Richardson,Richardson Comprehensive Safety Action Plan,Federal,320000,1 year planning/demo award,5,42,MTP; TIP/STIP; regional ITS architecture; corridor study; capital improvement program,OfficialAwardVerified,Official SS4A award source.,https://www.transportation.gov/sites/dot.gov/files/2023-12/FY23_SS4A_PDG-Awards-by-State.pdf
"SS4A Action Plan Grant for the City of Balch Springs, Texas",Texas,2023,Planning_Analysis_Default,award,SS4A,Planning/Demonstration,City of Balch Springs,"SS4A Action Plan Grant for the City of Balch Springs, Texas",Federal,160000,1 year planning/demo award,5,42,MTP; TIP/STIP; regional ITS architecture; corridor study; capital improvement program,OfficialAwardVerified,Official SS4A award source.,https://www.transportation.gov/sites/dot.gov/files/2023-12/FY23_SS4A_PDG-Awards-by-State.pdf
"SS4A Action Plan Grant for the City of Mesquite, Texas",Texas,2023,Planning_Analysis_Default,award,SS4A,Planning/Demonstration,City of Mesquite,"SS4A Action Plan Grant for the City of Mesquite, Texas",Federal,256000,1 year planning/demo award,5,42,MTP; TIP/STIP; regional ITS architecture; corridor study; capital improvement program,OfficialAwardVerified,Official SS4A award source.,https://www.transportation.gov/sites/dot.gov/files/2023-12/FY23_SS4A_PDG-Awards-by-State.pdf
Safe Streets and Roads for All,Texas,2023,Planning_Analysis_Default,award,SS4A,Planning/Demonstration,City of Gladewater,Safe Streets and Roads for All,Federal,240000,1 year planning/demo award,5,42,MTP; TIP/STIP; regional ITS architecture; corridor study; capital improvement program,OfficialAwardVerified,Official SS4A award source.,https://www.transportation.gov/sites/dot.gov/files/2023-12/FY23_SS4A_PDG-Awards-by-State.pdf
Safety Actions for Houston Southeast,Texas,2023,Planning_Analysis_Default,award,SS4A,Planning/Demonstration,Greater Southeast Management District,Safety Actions for Houston Southeast,Federal,320000,1 year planning/demo award,5,42,MTP; TIP/STIP; regional ITS architecture; corridor study; capital improvement program,OfficialAwardVerified,Official SS4A award source.,https://www.transportation.gov/sites/dot.gov/files/2023-12/FY23_SS4A_PDG-Awards-by-State.pdf
Saginaw Comprehensive Safety Action Plan,Texas,2023,Planning_Analysis_Default,award,SS4A,Planning/Demonstration,City of Saginaw,Saginaw Comprehensive Safety Action Plan,Federal,184000,1 year planning/demo award,5,42,MTP; TIP/STIP; regional ITS architecture; corridor study; capital improvement program,OfficialAwardVerified,Official SS4A award source.,https://www.transportation.gov/sites/dot.gov/files/2023-12/FY23_SS4A_PDG-Awards-by-State.pdf
South Plains Association of Governments Safe Streets and Roads for All Action Plan,Texas,2023,Planning_Analysis_Default,award,SS4A,Planning/Demonstration,South Plains Association of Governments,South Plains Association of Governments Safe Streets and Roads for All Action Plan,Federal,960000,1 year planning/demo award,5,42,MTP; TIP/STIP; regional ITS architecture; corridor study; capital improvement program,OfficialAwardVerified,Official SS4A award source.,https://www.transportation.gov/sites/dot.gov/files/2023-12/FY23_SS4A_PDG-Awards-by-State.pdf
Vision Zero Safe Streets Implementation Plan,Texas,2023,Planning_Analysis_Default,award,SS4A,Implementation,City of El Paso,Vision Zero Safe Streets Implementation Plan,Federal,9900065,Multi-year implementation award,5,42,MTP; TIP/STIP; regional ITS architecture; corridor study; capital improvement program,OfficialAwardVerified,Official SS4A award source.,https://www.transportation.gov/grants/ss4a/fy23-all-funding-awards-by-state
Watauga Safe Streets and Roads for All Action Plan,Texas,2023,Planning_Analysis_Default,award,SS4A,Planning/Demonstration,City of Watauga,Watauga Safe Streets and Roads for All Action Plan,Federal,160000,1 year planning/demo award,5,42,MTP; TIP/STIP; regional ITS architecture; corridor study; capital improvement program,OfficialAwardVerified,Official SS4A award source.,https://www.transportation.gov/sites/dot.gov/files/2023-12/FY23_SS4A_PDG-Awards-by-State.pdf
Weatherford Comprehensive Safety Action Plan,Texas,2023,Planning_Analysis_Default,award,SS4A,Planning/Demonstration,City of Weatherford,Weatherford Comprehensive Safety Action Plan,Federal,224000,1 year planning/demo award,5,42,MTP; TIP/STIP; regional ITS architecture; corridor study; capital improvement program,OfficialAwardVerified,Official SS4A award source.,https://www.transportation.gov/sites/dot.gov/files/2023-12/FY23_SS4A_PDG-Awards-by-State.pdf
